[
{
   "newcont01":[
           {"src1":"img1/b4.jpg",
            "tit":"【工厂直供 超值精选】VEND冬季新品时尚潮流单肩斜挎女包 优雅知性成熟单肩包女包 18964",
            "hot":"年末特惠",
            "des":"工厂直供",
            "pric1":"19",
            "pric2":".9",
            "pin":"已拼265件"
           },
           {"src1":"img1/b2.jpg",
            "tit":"【品牌专场】【大厂直营】冬季棉鞋子男跑鞋运动休闲韩版潮流男士潮鞋学生百搭增高板鞋 白色（限时抢购） 41",
            "hot":"学生百搭",
            "des":"轻便舒适",
            "pric1":"48",
            "pric2":".00",
            "pin":"已拼1.9万件"
           },
           {"src1":"img1/b3.jpg",
            "tit":"【买2送遮瑕液】卡贝露隔离乳霜妆前乳BB霜保湿持久补水隐形毛孔裸妆遮瑕打底液提亮 #02 玉兰紫 ",
            "hot":"买三送一",
            "des":"自然裸妆",
            "pric1":"9",
            "pric2":".9",
            "pin":"已拼678件"
            },
           {
            "src1":"img1/5b4fff1eN058d731b.jpg_q70.jpg",
            "tit":"享食者 蜜饯果干 零食新疆特产 无核白葡萄干 108g*2袋",
            "hot":"今日爆款",
            "des":"儿童棉衣",
            "pric1":"48",
            "pric2":".9",
            "pin":"已拼23425件"
            }],
    "middleimg":"img1/b182d9c3e45f8d71.jpg_q70.jpg" ,       
    "newcont02":[
               {"src2":"img1/5b42e539N733a122c.jpg_q70.jpg",
                "pdes":"馨语（xinyu） 【50卷40卷25卷10卷】4层【工厂直供】纯原生竹浆本色卷纸小卷竹纤维餐巾纸 10卷",
                "pric3":"10",
                "pric4":".7"
               }, 
               {"src2":"img1/c3.jpg",
                "pdes":"馨语（xinyu） 【50卷40卷25卷10卷】4层【工厂直供】纯原生竹浆本色卷纸小卷竹纤维餐巾纸 10卷",
                "pric3":"14",
                "pric4":".9"
               }, 
               {"src2":"img1/c4.jpg",
                "pdes":"馨语（xinyu） 【50卷40卷25卷10卷】4层【工厂直供】纯原生竹浆本色卷纸小卷竹纤维餐巾纸 10卷",
                "pric3":"15",
                "pric4":".8"
               }]          

},{
   "newcont01":[
           {"src1":"img1/b4.jpg",
            "tit":"【工厂直供 超值精选】VEND冬季新品时尚潮流单肩斜挎女包 优雅知性成熟单肩包女包 18964",
            "hot":"年末特惠",
            "des":"工厂直供",
            "pric1":"19",
            "pric2":".9",
            "pin":"已拼265件"
           },
           {"src1":"img1/b2.jpg",
            "tit":"【品牌专场】【大厂直营】冬季棉鞋子男跑鞋运动休闲韩版潮流男士潮鞋学生百搭增高板鞋 白色（限时抢购） 41",
            "hot":"学生百搭",
            "des":"轻便舒适",
            "pric1":"48",
            "pric2":".00",
            "pin":"已拼1.9万件"
           },
           {"src1":"img1/b3.jpg",
            "tit":"【买2送遮瑕液】卡贝露隔离乳霜妆前乳BB霜保湿持久补水隐形毛孔裸妆遮瑕打底液提亮 #02 玉兰紫 ",
            "hot":"买三送一",
            "des":"自然裸妆",
            "pric1":"9",
            "pric2":".9",
            "pin":"已拼678件"
            },
            {
            "src1":"img1/5b4fff1eN058d731b.jpg_q70.jpg",
            "tit":"享食者 蜜饯果干 零食新疆特产 无核白葡萄干 108g*2袋",
            "hot":"今日爆款",
            "des":"儿童棉衣",
            "pric1":"48",
            "pric2":".9",
            "pin":"已拼23425件"
            }],
    "middleimg":"img1/b182d9c3e45f8d71.jpg_q70.jpg" ,       
    "newcont02":[
               {"src2":"img1/5b42e539N733a122c.jpg_q70.jpg",
                "pdes":"馨语（xinyu） 【50卷40卷25卷10卷】4层【工厂直供】纯原生竹浆本色卷纸小卷竹纤维餐巾纸 10卷",
                "pric3":"10",
                "pric4":".7"
               }, 
               {"src2":"img1/c3.jpg",
                "pdes":"馨语（xinyu） 【50卷40卷25卷10卷】4层【工厂直供】纯原生竹浆本色卷纸小卷竹纤维餐巾纸 10卷",
                "pric3":"14",
                "pric4":".9"
               }, 
               {"src2":"img1/c4.jpg",
                "pdes":"馨语（xinyu） 【50卷40卷25卷10卷】4层【工厂直供】纯原生竹浆本色卷纸小卷竹纤维餐巾纸 10卷",
                "pric3":"15",
                "pric4":".8"
               }]          

},{
   "newcont01":[
           {"src1":"img1/b4.jpg",
            "tit":"【工厂直供 超值精选】VEND冬季新品时尚潮流单肩斜挎女包 优雅知性成熟单肩包女包 18964",
            "hot":"年末特惠",
            "des":"工厂直供",
            "pric1":"19",
            "pric2":".9",
            "pin":"已拼265件"
           },
           {"src1":"img1/b2.jpg",
            "tit":"【品牌专场】【大厂直营】冬季棉鞋子男跑鞋运动休闲韩版潮流男士潮鞋学生百搭增高板鞋 白色（限时抢购） 41",
            "hot":"学生百搭",
            "des":"轻便舒适",
            "pric1":"48",
            "pric2":".00",
            "pin":"已拼1.9万件"
           },
           {"src1":"img1/b3.jpg",
            "tit":"【买2送遮瑕液】卡贝露隔离乳霜妆前乳BB霜保湿持久补水隐形毛孔裸妆遮瑕打底液提亮 #02 玉兰紫 ",
            "hot":"买三送一",
            "des":"自然裸妆",
            "pric1":"9",
            "pric2":".9",
            "pin":"已拼678件"
            },
            {
            "src1":"img1/5b4fff1eN058d731b.jpg_q70.jpg",
            "tit":"享食者 蜜饯果干 零食新疆特产 无核白葡萄干 108g*2袋",
            "hot":"今日爆款",
            "des":"儿童棉衣",
            "pric1":"48",
            "pric2":".9",
            "pin":"已拼23425件"
            }],
    "middleimg":"img1/b182d9c3e45f8d71.jpg_q70.jpg" ,       
    "newcont02":[
               {"src2":"img1/5b42e539N733a122c.jpg_q70.jpg",
                "pdes":"馨语（xinyu） 【50卷40卷25卷10卷】4层【工厂直供】纯原生竹浆本色卷纸小卷竹纤维餐巾纸 10卷",
                "pric3":"10",
                "pric4":".7"
               }, 
               {"src2":"img1/c3.jpg",
                "pdes":"馨语（xinyu） 【50卷40卷25卷10卷】4层【工厂直供】纯原生竹浆本色卷纸小卷竹纤维餐巾纸 10卷",
                "pric3":"14",
                "pric4":".9"
               }, 
               {"src2":"img1/c4.jpg",
                "pdes":"馨语（xinyu） 【50卷40卷25卷10卷】4层【工厂直供】纯原生竹浆本色卷纸小卷竹纤维餐巾纸 10卷",
                "pric3":"15",
                "pric4":".8"
               }]          

},{
   "newcont01":[
           {"src1":"img1/b4.jpg",
            "tit":"【工厂直供 超值精选】VEND冬季新品时尚潮流单肩斜挎女包 优雅知性成熟单肩包女包 18964",
            "hot":"年末特惠",
            "des":"工厂直供",
            "pric1":"19",
            "pric2":".9",
            "pin":"已拼265件"
           },
           {"src1":"img1/b2.jpg",
            "tit":"【品牌专场】【大厂直营】冬季棉鞋子男跑鞋运动休闲韩版潮流男士潮鞋学生百搭增高板鞋 白色（限时抢购） 41",
            "hot":"学生百搭",
            "des":"轻便舒适",
            "pric1":"48",
            "pric2":".00",
            "pin":"已拼1.9万件"
           },
           {"src1":"img1/b3.jpg",
            "tit":"【买2送遮瑕液】卡贝露隔离乳霜妆前乳BB霜保湿持久补水隐形毛孔裸妆遮瑕打底液提亮 #02 玉兰紫 ",
            "hot":"买三送一",
            "des":"自然裸妆",
            "pric1":"9",
            "pric2":".9",
            "pin":"已拼678件"
            },
            {
            "src1":"img1/5b4fff1eN058d731b.jpg_q70.jpg",
            "tit":"享食者 蜜饯果干 零食新疆特产 无核白葡萄干 108g*2袋",
            "hot":"今日爆款",
            "des":"儿童棉衣",
            "pric1":"48",
            "pric2":".9",
            "pin":"已拼23425件"
            }],
    "middleimg":"img1/b182d9c3e45f8d71.jpg_q70.jpg" ,       
    "newcont02":[
               {"src2":"img1/5b42e539N733a122c.jpg_q70.jpg",
                "pdes":"馨语（xinyu） 【50卷40卷25卷10卷】4层【工厂直供】纯原生竹浆本色卷纸小卷竹纤维餐巾纸 10卷",
                "pric3":"10",
                "pric4":".7"
               }, 
               {"src2":"img1/c3.jpg",
                "pdes":"馨语（xinyu） 【50卷40卷25卷10卷】4层【工厂直供】纯原生竹浆本色卷纸小卷竹纤维餐巾纸 10卷",
                "pric3":"14",
                "pric4":".9"
               }, 
               {"src2":"img1/c4.jpg",
                "pdes":"馨语（xinyu） 【50卷40卷25卷10卷】4层【工厂直供】纯原生竹浆本色卷纸小卷竹纤维餐巾纸 10卷",
                "pric3":"15",
                "pric4":".8"
               }]          

},{
   "newcont01":[
           {"src1":"img1/b4.jpg",
            "tit":"【工厂直供 超值精选】VEND冬季新品时尚潮流单肩斜挎女包 优雅知性成熟单肩包女包 18964",
            "hot":"年末特惠",
            "des":"工厂直供",
            "pric1":"19",
            "pric2":".9",
            "pin":"已拼265件"
           },
           {"src1":"img1/b2.jpg",
            "tit":"【品牌专场】【大厂直营】冬季棉鞋子男跑鞋运动休闲韩版潮流男士潮鞋学生百搭增高板鞋 白色（限时抢购） 41",
            "hot":"学生百搭",
            "des":"轻便舒适",
            "pric1":"48",
            "pric2":".00",
            "pin":"已拼1.9万件"
           },
           {"src1":"img1/b3.jpg",
            "tit":"【买2送遮瑕液】卡贝露隔离乳霜妆前乳BB霜保湿持久补水隐形毛孔裸妆遮瑕打底液提亮 #02 玉兰紫 ",
            "hot":"买三送一",
            "des":"自然裸妆",
            "pric1":"9",
            "pric2":".9",
            "pin":"已拼678件"
            },
            {
            "src1":"img1/5b4fff1eN058d731b.jpg_q70.jpg",
            "tit":"享食者 蜜饯果干 零食新疆特产 无核白葡萄干 108g*2袋",
            "hot":"今日爆款",
            "des":"儿童棉衣",
            "pric1":"48",
            "pric2":".9",
            "pin":"已拼23425件"
            }],
    "middleimg":"img1/b182d9c3e45f8d71.jpg_q70.jpg" ,       
    "newcont02":[
               {"src2":"img1/5b42e539N733a122c.jpg_q70.jpg",
                "pdes":"馨语（xinyu） 【50卷40卷25卷10卷】4层【工厂直供】纯原生竹浆本色卷纸小卷竹纤维餐巾纸 10卷",
                "pric3":"10",
                "pric4":".7"
               }, 
               {"src2":"img1/c3.jpg",
                "pdes":"馨语（xinyu） 【50卷40卷25卷10卷】4层【工厂直供】纯原生竹浆本色卷纸小卷竹纤维餐巾纸 10卷",
                "pric3":"14",
                "pric4":".9"
               }, 
               {"src2":"img1/c4.jpg",
                "pdes":"馨语（xinyu） 【50卷40卷25卷10卷】4层【工厂直供】纯原生竹浆本色卷纸小卷竹纤维餐巾纸 10卷",
                "pric3":"15",
                "pric4":".8"
               }]          

}]
