[{
  "src":"img2/04be69c8816decc9.jpg_q70.jpg",
  "tit":"￥42.8",
  "des":"￥65.90"
 },
 {"src":"img2/730bf2dcb24e2039.jpg_q70.jpg",
  "tit":"￥19.9",
  "des":"￥46.00"
 },
 {"src":"img2/ul3.jpg",
  "tit":"￥19.9",
  "des":"￥46.00"
 },
 {"src":"img2/ul4.jpg",
  "tit":"￥122.9",
  "des":"￥146.00"
 },
 {"src":"img2/ul5.jpg",
  "tit":"￥14.9",
  "des":"￥46.00"
 },
 {"src":"img2/ul7.jpg",
  "tit":"￥19.9",
  "des":"￥46.00"
 },
 {"src":"img2/ul8.jpg",
  "tit":"￥20.9",
  "des":"￥49.00"
 },
 {"src":"img2/ul9.jpg",
  "tit":"￥19.9",
  "des":"￥50.00"
 },
 {"src":"img2/ul10.jpg",
  "tit":"￥35.9",
  "des":"￥46.00"
 },
 {"src":"img2/ul6.jpg",
  "tit":"￥19.9",
  "des":"￥46.00"
 },
 {"src":"img2/ul5.jpg",
  "tit":"￥19.9",
  "des":"￥46.00"
 },
 {"src":"img2/ul4.jpg",
  "tit":"￥19.9",
  "des":"￥46.00"
 },
 {"src":"img2/ul8.jpg",
  "tit":"￥20.9",
  "des":"￥49.00"
 },
 {"src":"img2/ul9.jpg",
  "tit":"￥19.9",
  "des":"￥50.00"
 },
 {"src":"img2/ul10.jpg",
  "tit":"￥35.9",
  "des":"￥46.00"
 },
 {"src":"img2/ul8.jpg",
  "tit":"￥20.9",
  "des":"￥49.00"
 },
 {"src":"img2/ul9.jpg",
  "tit":"￥19.9",
  "des":"￥50.00"
 },
 {"src":"img2/ul10.jpg",
  "tit":"￥35.9",
  "des":"￥46.00"
 }]
