[{
"src":"images/ms1.jpg",
"s01":"￥288",
"s02":"￥588"
},{
"src":"images/ms2.jpg",
"s01":"￥4988",
"s02":"￥7388"
},
{
"src":"images/ms3.jpg",
"s01":"￥29.98",
"s02":"￥99"
},
{
"src":"images/ms4.jpg",
"s01":"￥588",
"s02":"￥688"
},
{
"src":"images/ms5.jpg",
"s01":"￥799",
"s02":"￥1000"
},
{
"src":"images/ms6.jpg",
"s01":"￥230",
"s02":"￥588"
},
{
"src":"images/ms7.jpg",
"s01":"￥499",
"s02":"￥500"
},
{
"src":"images/ms8.jpg",
"s01":"￥300",
"s02":"￥600"
},
{
"src":"images/ms9.jpg",
"s01":"￥28.8",
"s02":"￥58.8"
},
{
"src":"images/ms10.jpg",
"s01":"￥28.9",
"s02":"￥58.8"
}]
