[{
  "src":"img1/c1.jpg",
  "em":"48",
  "scrt":".9",
  "des":"已拼3933件"
}
,
{
  "src":"img1/c2.jpg",
  "em":"36",
  "scrt":".00",
  "des":"已拼3933件"
},
{
  "src":"img1/c3.jpg",
  "em":"9",
  "scrt":".00",
 "des":"已拼3933件"
},{
  "src":"img1/c4.jpg",
  "em":"28",
  "scrt":".09",
  "des":"已拼3933件"
}
,{
  "src":"img1/c5.jpg",
  "em":"24",
  "scrt":".03",
  "des":"已拼3933件"
}
,{
  "src":"img1/c6.jpg",
  "em":"23",
  "scrt":".03",
  "des":"已拼3933件"
}
,{
  "src":"img1/c7.jpg",
  "em":"13",
  "scrt":".09",
  "des":"已拼3933件"
},{
  "src":"img1/c8.jpg",
  "em":"10",
  "scrt":".09",
  "des":"已拼3933件"
},{
  "src":"img1/c9.jpg",
  "em":"10",
  "scrt":".09",
  "des":"已拼3933件"
},{
  "src":"img1/c10.jpg",
  "em":"11",
  "scrt":".09",
  "des":"已拼3933件"
},{
  "src":"img1/c11.jpg",
  "em":"11",
  "scrt":".09",
 "des":"已拼3933件"
},{
  "src":"img1/c12.jpg",
  "em":"11",
  "scrt":".09",
  "des":"已拼3933件"
},{
  "src":"img1/c13.jpg",
  "em":"11",
  "scrt":".09",
  "des":"已拼3933件"
},{
  "src":"img1/c14.jpg",
  "em":"11",
  "scrt":".09",
 "des":"已拼3933件"
},{
  "src":"img1/c15.jpg",
  "em":"11",
  "scrt":".09",
  "des":"已拼3933件"
}]
