[{
  "src":"img2/w1.jpg",
  "tit":"福临门 食用油 非转基因 纯香菜籽油5L  中粮出品 新老包装随机发货 ",
  "price":"￥56.9"
},{
  "src":"img2/w2.jpg",
  "tit":"士力架花生夹心巧克力（分享装）糖果巧克力休闲零食240g  ",
  "price":"￥18"
},{
  "src":"img2/w3.jpg",
  "tit":"三的（SANDE） 【京东7仓】三的 绞肉机 多功能家用料理机电动碎肉机 宝宝辅食机婴儿 JR02橙色-1.2L（单刀）",
  "price":"2人拼￥49"
},{
  "src":"img2/w4.jpg",
  "tit":"中粮初萃 五常香米225g 长粒香 东北大米 新米 ",
  "price":"￥56.9"
},{
  "src":"img2/w6.jpg",
  "tit":"太粮 米皇坊 珍珠香米 5kg（原粮 东北大米） ",
  "price":"￥29.9"
},{
  "src":"img2/w7.jpg",
  "tit":"秋谷坊 长粒香大米 东北大米 长粒米 新米 500g 2.5kg 5kg 多规格可选 2.5kg 长粒香  ",
  "price":"￥56.9"
},{
  "src":"img2/w8.jpg",
  "tit":"福临门 食用油 非转基因 纯香菜籽油5L  中粮出品 新老包装随机发货 ",
  "price":"￥56.9"
},{
  "src":"img2/w3.jpg",
  "tit":"三的（SANDE） 【京东7仓】三的 绞肉机 多功能家用料理机电动碎肉机 宝宝辅食机婴儿 JR02橙色-1.2L（单刀）",
  "price":"2人拼￥49"
},{
  "src":"img2/w4.jpg",
  "tit":"中粮初萃 五常香米225g 长粒香 东北大米 新米 ",
  "price":"￥56.9"
},{
  "src":"img2/w6.jpg",
  "tit":"太粮 米皇坊 珍珠香米 5kg（原粮 东北大米） ",
  "price":"￥29.9"
},{
  "src":"img2/w7.jpg",
  "tit":"秋谷坊 长粒香大米 东北大米 长粒米 新米 500g 2.5kg 5kg 多规格可选 2.5kg 长粒香  ",
  "price":"￥56.9"
},{
  "src":"img2/w8.jpg",
  "tit":"福临门 食用油 非转基因 纯香菜籽油5L  中粮出品 新老包装随机发货 ",
  "price":"￥56.9"
}]
