[{
"page":"1",
"list":[{"src":"img1/1.jpg",
         "lititle":"",
         "data":{
         "destit":"7寸中空日式抹茶戚风蛋糕",
         "desnum":"0 评论  4241 人气",
         "author":"VIFCJIE",
         "step":"17步 / 大概60分钟",
         "taste":"烤 / 奶香味"
}
},
        {"src":"img1/2.jpg",
         "lititle":"滋肾益精",
         "data":{
         "destit":"山药排骨汤",
         "desnum":"1 评论  4777 人气",
         "author":"美食小编",
         "step":"4步 / 大概60分钟",
         "taste":"炖 / 咸鲜味"
}
}
,{
         "src":"img1/3.jpg",
         "lititle":"美容养颜",
         "data":{
         "destit":"苦瓜茶",
         "desnum":"1 评论  458 人气",
         "author":"美食小编",
         "step":"3步 / 大概15分钟",
         "taste":"煮 / 苦香味"
}
}
,
{
         "src":"img1/4.jpg",
         "lititle":"防癌",
         "data":{
         "destit":"芋圆",
         "desnum":"3 评论  6875 人气",
         "author":"美食小编",
         "step":"6步 / 大概10分钟",
         "taste":"拌 / 果味"
}
}
,
{
         "src":"img1/5.jpg",
         "lititle":"抵抗力",
         "data":{
         "destit":"醋溜白菜",
         "desnum":"1 评论  6036 人气",
         "author":"美食小编",
         "step":"4步 / 大概10分钟",
         "taste":"炒 / 酸辣味"
}
}
,
{
         "src":"img1/6.jpg",
         "lititle":"促发育",
         "data":{
         "destit":"巧克力溶岩蛋糕",
         "desnum":"0 评论  295 人气",
         "author":"非儿_",
         "step":"14步 / 大概90分钟",
         "taste":"烘焙 / 甜味"
}
}
,
{
         "src":"img1/7.jpg",
         "lititle":"",
         "data":{
         "destit":"热干面",
         "desnum":"1 评论  6640 人气",
         "author":"美食小编",
         "step":"3步 / 大概15分钟",
         "taste":"拌 / 酱香味"
}
}
,
{
         "src":"img1/8.jpg",
         "lititle":"抵抗力",
         "data":{
         "destit":"金针菇汤",
         "desnum":"38 评论  7033 人气",
         "author":"美食小编",
         "step":"5步 / 大概30分钟",
         "taste":"煮 / 家常味"
}
}
,
{
         "src":"img1/9.jpg",
         "lititle":"",
         "data":{
         "destit":"馅饼",
         "desnum":"0 评论  6287 人气",
         "author":"美食小编",
         "step":"6步 / 大概30分钟",
         "taste":"煎 / 家常味"
}
}
,
{
         "src":"img1/10.jpg",
         "lititle":"助消化",
         "data":{
         "destit":"水果茶",
         "desnum":"0 评论  250 人气",
         "author":"美食小编",
         "step":"7步 / 大概10分钟",
         "taste":"煮 / 甜味"
}
}
,
{
         "src":"img1/11.jpg",
         "lititle":"适合婴儿",
         "data":{
         "destit":"煲仔饭 ",
         "desnum":"0 评论  482 人气",
         "author":"美食小编",
         "step":"11步 / 大概60分钟",
         "taste":"煲 / 家常味"
}
}
,
{
         "src":"img1/12.jpg",
         "lititle":"排毒",
         "data":{
         "destit":"串串香",
         "desnum":"0 评论  215 人气",
         "author":"清雅小厨",
         "step":"8步 / 大概30分钟",
         "taste":"炸 / 香辣味"
}
}
,
{
         "src":"img1/13.jpg",
         "lititle":" ",
         "data":{
         "destit":"乌龟菠萝包",
         "desnum":"0 评论  3011 人气",
         "author":"蕾宝呢",
         "step":"26步 / 大概30分钟",
         "taste":"烘焙 / 甜味"
}
}
,
{
         "src":"img1/14.jpg",
         "lititle":" ",
         "data":{
         "destit":"家常烙饼",
         "desnum":"5 评论  6028 人气",
         "author":"多幸福多快乐",
         "step":"16步 / 大概10分钟",
         "taste":"烙 / 家常味"
}
}
,
{
         "src":"img1/15.jpg",
         "lititle":"强身健体",
         "data":{
         "destit":"凉拌木耳",
         "desnum":"0 评论  5276 人气",
         "author":"美食小编",
         "step":"5步 / 大概10分钟",
         "taste":"拌 / 咸鲜味"
}
}
,
{
         "src":"img1/16.jpg",
         "lititle":"抵抗力",
         "data":{
         "destit":"寿司",
         "desnum":"0 评论  5820 人气",
         "author":"美食小编",
         "step":"5步 / 大概10分钟",
         "taste":"其它工艺 / 家常味"
}
}
,
{
         "src":"img1/17.jpg",
         "lititle":"增强体质",
         "data":{
         "destit":"鲫鱼豆腐汤",
         "desnum":"0 评论  4787 人气",
         "author":"美食小编",
         "step":"5步 / 大概60分钟",
         "taste":"炖 / 咸鲜味"
}
}
,
{
         "src":"img1/18.jpg",
         "lititle":"清热祛暑",
         "data":{
         "destit":"凉拌苦瓜",
         "desnum":"0 评论  5583 人气",
         "author":"美食小编",
         "step":"4步 / 大概10分钟",
         "taste":"拌 / 家常味"
}
}
]

}
,
{
"page":"2",
"list":[{"src":"img1/a1.jpg",
         "lititle":"",
         "data":{
         "destit":"7寸中空日式抹茶戚风蛋糕",
         "desnum":"0 评论  4241 人气",
         "author":"VIFCJIE",
         "step":"17步 / 大概60分钟",
         "taste":"烤 / 奶香味"
}
},
        {"src":"img1/a2.jpg",
         "lititle":"滋肾益精",
         "data":{
         "destit":"山药排骨汤",
         "desnum":"1 评论  4777 人气",
         "author":"美食小编",
         "step":"4步 / 大概60分钟",
         "taste":"炖 / 咸鲜味"
}
}
,{
         "src":"img1/a3.jpg",
         "lititle":"美容养颜",
         "data":{
         "destit":"苦瓜茶",
         "desnum":"1 评论  458 人气",
         "author":"美食小编",
         "step":"3步 / 大概15分钟",
         "taste":"煮 / 苦香味"
}
}
,
{
         "src":"img1/a4.jpg",
         "lititle":"防癌",
         "data":{
         "destit":"芋圆",
         "desnum":"3 评论  6875 人气",
         "author":"美食小编",
         "step":"6步 / 大概10分钟",
         "taste":"拌 / 果味"
}
}
,
{
         "src":"img1/a5.jpg",
         "lititle":"抵抗力",
         "data":{
         "destit":"醋溜白菜",
         "desnum":"1 评论  6036 人气",
         "author":"美食小编",
         "step":"4步 / 大概10分钟",
         "taste":"炒 / 酸辣味"
}
}
,
{
         "src":"img1/a6.jpg",
         "lititle":"促发育",
         "data":{
         "destit":"巧克力溶岩蛋糕",
         "desnum":"0 评论  295 人气",
         "author":"非儿_",
         "step":"14步 / 大概90分钟",
         "taste":"烘焙 / 甜味"
}
}
,
{
         "src":"img1/a7.jpg",
         "lititle":"",
         "data":{
         "destit":"热干面",
         "desnum":"1 评论  6640 人气",
         "author":"美食小编",
         "step":"3步 / 大概15分钟",
         "taste":"拌 / 酱香味"
}
}
,
{
         "src":"img1/a8.jpg",
         "lititle":"抵抗力",
         "data":{
         "destit":"金针菇汤",
         "desnum":"38 评论  7033 人气",
         "author":"美食小编",
         "step":"5步 / 大概30分钟",
         "taste":"煮 / 家常味"
}
}
,
{
         "src":"img1/a9.jpg",
         "lititle":"",
         "data":{
         "destit":"馅饼",
         "desnum":"0 评论  6287 人气",
         "author":"美食小编",
         "step":"6步 / 大概30分钟",
         "taste":"煎 / 家常味"
}
}
,
{
         "src":"img1/a10.jpg",
         "lititle":"助消化",
         "data":{
         "destit":"水果茶",
         "desnum":"0 评论  250 人气",
         "author":"美食小编",
         "step":"7步 / 大概10分钟",
         "taste":"煮 / 甜味"
}
}
,
{
         "src":"img1/a11.jpg",
         "lititle":"适合婴儿",
         "data":{
         "destit":"煲仔饭 ",
         "desnum":"0 评论  482 人气",
         "author":"美食小编",
         "step":"11步 / 大概60分钟",
         "taste":"煲 / 家常味"
}
}
,
{
         "src":"img1/a12.jpg",
         "lititle":"排毒",
         "data":{
         "destit":"串串香",
         "desnum":"0 评论  215 人气",
         "author":"清雅小厨",
         "step":"8步 / 大概30分钟",
         "taste":"炸 / 香辣味"
}
}
,
{
         "src":"img1/a13.jpg",
         "lititle":" ",
         "data":{
         "destit":"乌龟菠萝包",
         "desnum":"0 评论  3011 人气",
         "author":"蕾宝呢",
         "step":"26步 / 大概30分钟",
         "taste":"烘焙 / 甜味"
}
}
,
{
         "src":"img1/a14.jpg",
         "lititle":" ",
         "data":{
         "destit":"家常烙饼",
         "desnum":"5 评论  6028 人气",
         "author":"多幸福多快乐",
         "step":"16步 / 大概10分钟",
         "taste":"烙 / 家常味"
}
}
,
{
         "src":"img1/a15.jpg",
         "lititle":"强身健体",
         "data":{
         "destit":"凉拌木耳",
         "desnum":"0 评论  5276 人气",
         "author":"美食小编",
         "step":"5步 / 大概10分钟",
         "taste":"拌 / 咸鲜味"
}
}
,
{
         "src":"img1/a16.jpg",
         "lititle":"抵抗力",
         "data":{
         "destit":"寿司",
         "desnum":"0 评论  5820 人气",
         "author":"美食小编",
         "step":"5步 / 大概10分钟",
         "taste":"其它工艺 / 家常味"
}
}
,
{
         "src":"img1/a17.jpg",
         "lititle":"增强体质",
         "data":{
         "destit":"鲫鱼豆腐汤",
         "desnum":"0 评论  4787 人气",
         "author":"美食小编",
         "step":"5步 / 大概60分钟",
         "taste":"炖 / 咸鲜味"
}
}
,
{
         "src":"img1/a18.jpg",
         "lititle":"清热祛暑",
         "data":{
         "destit":"凉拌苦瓜",
         "desnum":"0 评论  5583 人气",
         "author":"美食小编",
         "step":"4步 / 大概10分钟",
         "taste":"拌 / 家常味"
}
}
]

}
,
{
"page":"3",
"list":[{"src":"img1/1.jpg",
         "lititle":"",
         "data":{
         "destit":"7寸中空日式抹茶戚风蛋糕",
         "desnum":"0 评论  4241 人气",
         "author":"VIFCJIE",
         "step":"17步 / 大概60分钟",
         "taste":"烤 / 奶香味"
}
},
        {"src":"img1/2.jpg",
         "lititle":"滋肾益精",
         "data":{
         "destit":"山药排骨汤",
         "desnum":"1 评论  4777 人气",
         "author":"美食小编",
         "step":"4步 / 大概60分钟",
         "taste":"炖 / 咸鲜味"
}
}
,{
         "src":"img1/3.jpg",
         "lititle":"美容养颜",
         "data":{
         "destit":"苦瓜茶",
         "desnum":"1 评论  458 人气",
         "author":"美食小编",
         "step":"3步 / 大概15分钟",
         "taste":"煮 / 苦香味"
}
}
,
{
         "src":"img1/4.jpg",
         "lititle":"防癌",
         "data":{
         "destit":"芋圆",
         "desnum":"3 评论  6875 人气",
         "author":"美食小编",
         "step":"6步 / 大概10分钟",
         "taste":"拌 / 果味"
}
}
,
{
         "src":"img1/5.jpg",
         "lititle":"抵抗力",
         "data":{
         "destit":"醋溜白菜",
         "desnum":"1 评论  6036 人气",
         "author":"美食小编",
         "step":"4步 / 大概10分钟",
         "taste":"炒 / 酸辣味"
}
}
,
{
         "src":"img1/6.jpg",
         "lititle":"促发育",
         "data":{
         "destit":"巧克力溶岩蛋糕",
         "desnum":"0 评论  295 人气",
         "author":"非儿_",
         "step":"14步 / 大概90分钟",
         "taste":"烘焙 / 甜味"
}
}
,
{
         "src":"img1/7.jpg",
         "lititle":"",
         "data":{
         "destit":"热干面",
         "desnum":"1 评论  6640 人气",
         "author":"美食小编",
         "step":"3步 / 大概15分钟",
         "taste":"拌 / 酱香味"
}
}
,
{
         "src":"img1/8.jpg",
         "lititle":"抵抗力",
         "data":{
         "destit":"金针菇汤",
         "desnum":"38 评论  7033 人气",
         "author":"美食小编",
         "step":"5步 / 大概30分钟",
         "taste":"煮 / 家常味"
}
}
,
{
         "src":"img1/9.jpg",
         "lititle":"",
         "data":{
         "destit":"馅饼",
         "desnum":"0 评论  6287 人气",
         "author":"美食小编",
         "step":"6步 / 大概30分钟",
         "taste":"煎 / 家常味"
}
}
,
{
         "src":"img1/10.jpg",
         "lititle":"助消化",
         "data":{
         "destit":"水果茶",
         "desnum":"0 评论  250 人气",
         "author":"美食小编",
         "step":"7步 / 大概10分钟",
         "taste":"煮 / 甜味"
}
}
,
{
         "src":"img1/11.jpg",
         "lititle":"适合婴儿",
         "data":{
         "destit":"煲仔饭 ",
         "desnum":"0 评论  482 人气",
         "author":"美食小编",
         "step":"11步 / 大概60分钟",
         "taste":"煲 / 家常味"
}
}
,
{
         "src":"img1/12.jpg",
         "lititle":"排毒",
         "data":{
         "destit":"串串香",
         "desnum":"0 评论  215 人气",
         "author":"清雅小厨",
         "step":"8步 / 大概30分钟",
         "taste":"炸 / 香辣味"
}
}
,
{
         "src":"img1/13.jpg",
         "lititle":" ",
         "data":{
         "destit":"乌龟菠萝包",
         "desnum":"0 评论  3011 人气",
         "author":"蕾宝呢",
         "step":"26步 / 大概30分钟",
         "taste":"烘焙 / 甜味"
}
}
,
{
         "src":"img1/14.jpg",
         "lititle":" ",
         "data":{
         "destit":"家常烙饼",
         "desnum":"5 评论  6028 人气",
         "author":"多幸福多快乐",
         "step":"16步 / 大概10分钟",
         "taste":"烙 / 家常味"
}
}
,
{
         "src":"img1/15.jpg",
         "lititle":"强身健体",
         "data":{
         "destit":"凉拌木耳",
         "desnum":"0 评论  5276 人气",
         "author":"美食小编",
         "step":"5步 / 大概10分钟",
         "taste":"拌 / 咸鲜味"
}
}
,
{
         "src":"img1/16.jpg",
         "lititle":"抵抗力",
         "data":{
         "destit":"寿司",
         "desnum":"0 评论  5820 人气",
         "author":"美食小编",
         "step":"5步 / 大概10分钟",
         "taste":"其它工艺 / 家常味"
}
}
,
{
         "src":"img1/17.jpg",
         "lititle":"增强体质",
         "data":{
         "destit":"鲫鱼豆腐汤",
         "desnum":"0 评论  4787 人气",
         "author":"美食小编",
         "step":"5步 / 大概60分钟",
         "taste":"炖 / 咸鲜味"
}
}
,
{
         "src":"img1/18.jpg",
         "lititle":"清热祛暑",
         "data":{
         "destit":"凉拌苦瓜",
         "desnum":"0 评论  5583 人气",
         "author":"美食小编",
         "step":"4步 / 大概10分钟",
         "taste":"拌 / 家常味"
}
}
]

}
]
