[
{"src1":"img1/1541853249612.png"
},
{
"src":"img1/428_428_1538989229309mp.png",
"protit":" 荣耀MagicBook",
"prodes":"购机享6期免息   ",
"propri":"￥4999",
"circle":"img1/1497575900592 (1).png"},
{
"src":"img1/428_428_1539914852328mp (1).png",
"protit":" HUAWEI MateBook D",
"prodes":"赠双肩包",
"propri":"￥6488",
"circle":""},
{
"src":"img1/428_428_1539767984482mp (1).png",
"protit":" HUAWEI MateBook E",
"prodes":"享6期免息",
"propri":"￥4288",
"circle":"img1/1497575900592 (1).png"},
{
"src":"img1/428_428_1539914852328mp.png",
"protit":"HUAWEI MateBook X",
"prodes":"享6期免息",
"propri":"￥8688",
"circle":"img1/1497575900592 (1).png"},
{
"src":"img1/428_428_1538989229309mp.png",
"protit":"荣耀MagicBook 锐龙版",
"prodes":"高性能金属轻薄本 ",
"propri":"￥3999",
"circle":""},
{
"src":"img1/428_428_1539915278180mp.png",
"protit":"HUAWEI MateBook X Pro",
"prodes":"享6期免息",
"propri":"￥8688",
"circle":""},
{
"src":"img1/428_428_1538989229309mp.png",
"protit":"荣耀MagicBook 星云紫",
"prodes":"高颜值时尚轻薄本  ",
"propri":"￥4999",
"circle":""}
]
