[
{"src1":"img1/1540964935340.png"
},
{
"src":"img1/428_428_1539766198246mp.png",
"protit":" 华为平板M5青春版",
"prodes":"智能语音平板 ",
"propri":"￥1899",
"circle":"img1/1497576023361 (4).png"},
{
"src":"img1/428_428_1541122609057mp (1).png",
"protit":" 荣耀Waterplay 8英寸",
"prodes":"IP67级防尘防水",
"propri":"￥1499",
"circle":"img1/1497575938261 (2).png"},
{
"src":"img1/428_428_1531378553233mp.jpg",
"protit":" 华为平板M5 8.4英寸",
"prodes":"哈卡顿调音",
"propri":"￥2088",
"circle":""},
{
"src":"img1/428_428_1539766198246mp.png",
"protit":"华为畅享平板",
"prodes":"享3期免息",
"propri":"￥1299",
"circle":"img1/1497576023361 (4).png"},
{
"src":"img1/428_428_1506671611280mp (1).jpg",
"protit":"荣耀Waterplay",
"prodes":"防水影音平板 ",
"propri":"￥1699",
"circle":"img1/1497575918300.png"},
{
"src":"img1/428_428_1531379309228mp.jpg",
"protit":"华为平板M5 10.8英寸",
"prodes":"2k高清屏",
"propri":"￥2488",
"circle":""},
{
"src":"img1/428_428_1531379658470mp.jpg",
"protit":"华为平板M5 Pro",
"prodes":"赠平板支架  ",
"propri":"￥3488",
"circle":""},
{
"src":"img1/428_428_1539913537863mp.png",
"protit":"荣耀畅玩平板2 9.6英寸",
"prodes":"护眼滤蓝光高清大屏",
"propri":"￥1088",
"circle":"img1/1497575918300.png"},
{
"src":"img1/428_428_1538991053843mp.png",
"protit":"荣耀畅玩平板2 8英寸",
"prodes":"大电池长续航",
"propri":"￥999",
"circle":""},
{
"src":"img1/428_428_1539766198246mp.png",
"protit":"华为平板M3 青春版 10.1英寸",
"prodes":"哈曼卡顿品质立体声",
"propri":"￥1699",
"circle":""},
{
"src":"img1/428_428_1539765550977mp.png",
"protit":"华为平板M3 青春版 8英寸",
"prodes":"增强护眼功能",
"propri":"￥1399",
"circle":""}
]
