[{
"src":"img2/1539962219224.png",
"tit":"华为畅享9Plus",
"pri":"￥1499",
"cir":"img2/1497576023361 (1).png"
},
{
"src":"img2/1540366584095.png",
"tit":"华为畅享9Plus",
"pri":"￥1499",
"cir":"img2/1497576023361 (1).png"
},
{
"src":"img2/1540366584095.png",
"tit":"华为畅享9Plus",
"pri":"￥1499",
"cir":"img2/1497576023361 (1).png"
},
{
"src":"img2/1540366584095.png",
"tit":"华为畅享9Plus",
"pri":"￥1499",
"cir":"img2/1497576023361 (1).png"
},
{
"src":"img2/1540366584095.png",
"tit":"华为畅享9Plus",
"pri":"￥1499",
"cir":"img2/1497576023361 (1).png"
}]
