[{"src1":"img1/1541554725388.png"
},{
"src":"img1/1541838828961.jpg",
"protit":" HUAWEI WATCH GT",
"prodes":"88元定金限量预购  ",
"propri":"￥1288",
"circle":"img1/1497576023361 (4).png"},
{
"src":"img1/428_428_1540628828647mp (1).png",
"protit":" 华为手环 B5",
"prodes":"彩屏健康手环 ",
"propri":"￥999",
"circle":"img1/1497575814983 (3).png"},
{
"src":"img1/1540545226946.png",
"protit":" 华为儿童手表3 Pro",
"prodes":"4G全网通，高清拍照",
"propri":"￥988",
"circle":"img1/1497576023361 (3).png"},
{
"src":"img1/428_428_1540628828647mp (1).png",
"protit":" 荣耀手环4",
"prodes":"触控大彩屏实时心率检测",
"propri":"￥199",
"circle":"img1/1497576023361 (4).png"},
{
"src":"img1/428_428_1507769117117mp (1).jpg",
"protit":"HUAWEI WATCH2 Pro",
"prodes":"赠充电底座 ",
"propri":"￥2299",
"circle":""},
{
"src":"img1/428_428_1536202224705mp.jpg",
"protit":"荣耀手环4 Running版",
"prodes":"上新啦！星耀黄",
"propri":"￥99",
"circle":"img1/1497576023361 (4).png"}
]
