[{"src1":"img/1540635538691.png"
},{
"src":"img1/428_428_1518318930697mp.jpg",
"protit":" HUAWEI Mate 10 Pro",
"prodes":"领券立减200+赠好礼   ",
"propri":"￥3999",
"circle":""},
{
"src":"img1/428_428_1538986607390mp.png",
"protit":" 荣耀畅玩7C",
"prodes":"降100 高配送耳机+自拍杆    ",
"propri":"￥799",
"circle":""},
{
"src":"img1/428_428_1538100198239mp.jpg",
"protit":" 华为畅享 MAX",
"prodes":"赠配件好礼  ",
"propri":"￥1699",
"circle":"img1/1497576023361 (3).png"},
{
"src":"img1/1539657961165.png",
"protit":" 荣耀Play",
"prodes":"最高优惠400元 ",
"propri":"￥1699",
"circle":"img1/1497575814983.png"},
{
"src":"img1/428_428_1541571374644mp.png",
"protit":" HUAWEI nova 3i",
"prodes":"6+64GB版本领券立减200 ",
"propri":"￥1999",
"circle":"img1/1497575918300 (1).png"},
{
"src":"img1/428_428_1538988657477mp.png",
"protit":"荣耀9青春版",
"prodes":"尊享版降600 加赠手环+数据线 ",
"propri":"￥999",
"circle":""},
{
"src":"img1/428_428_1518318930697mp.jpg",
"protit":"HUAWEI Mate 10",
"prodes":"领券减300+赠好礼  ",
"propri":"￥3399",
"circle":""},
{
"src":"img1/428_428_1521287027365mp.jpg",
"protit":"华为畅享8",
"prodes":"赠配件大礼包  ",
"propri":"￥1299",
"circle":""},
{
"src":"img1/428_428_1541575795437mp.jpg",
"protit":"荣耀畅玩7X",
"prodes":"最高优惠300元 ",
"propri":"￥999",
"circle":""},
{
"src":"img1/428_428_1540630399670mp.png",
"protit":"HUAWEI 麦芒7",
"prodes":"领券立减200元+6期免息  ",
"propri":"￥2399",
"circle":"img1/1497576023361 (4).png "},
{
"src":"img1/428_428_1540630349573mp.png",
"protit":"华为畅享8e",
"prodes":"领券立减60+赠好礼  ",
"propri":"￥999",
"circle":""},
{
"src":"img1/428_428_1538986607390mp.png",
"protit":"荣耀畅玩7A",
"prodes":"高配赠耳机+自拍杆   ",
"propri":"￥699",
"circle":""},
{
"src":"img1/428_428_1526973272209mp.jpg",
"protit":"华为畅享 8e 青春",
"prodes":"赠配件礼包  ",
"propri":"￥799",
"circle":""},
{
"src":"img1/428_428_1540630349573mp.png",
"protit":"华为畅享8 Plus",
"prodes":"赠豪华配件大礼包  ",
"propri":"￥1699",
"circle":""},
{
"src":"img1/1540540217265.png",
"protit":"荣耀9i",
"prodes":"最高优惠200  ",
"propri":"￥1199",
"circle":"img1/1497575814983 (3).png "}
]
