[
{
"src":"img1/428_428_1506671611280mp (1).jpg",
"protit":" 华为平板 M5 青春版",
"prodes":"智能声控 大屏娱乐",
"propri":"￥1899",
"circle":"img1/1497576023361 (1).png"
},
{
"src":"img1/1540540217265.png",
"protit":" 荣耀9i",
"prodes":"最高优惠200  ",
"propri":"￥1199",
"circle":"img1/1497575814983 (1).png"
},
{
"src":"img1/428_428_1539762466042mp.png",
"protit":" 华为运动蓝牙耳机",
"prodes":"限时优惠50元   ",
"propri":"￥249",
"circle":"img1/1497575814983 (1).png"
},
{
"src":"img1/428_428_1508892558232mp.jpg",
"protit":" 荣耀手表魔法系列",
"prodes":"爆款现货速发  ",
"propri":"￥899",
"circle":"img1/1497575938261 (1).png"
},
{
"src":"img1/428_428_1540628828647mp (1).png",
"protit":" 华为手环 B5 运动版",
"prodes":"彩屏健康手环    ",
"propri":"￥999",
"circle":"img1/1497575814983 (1).png"
}
,
{
"src":"img1/428_428_1538989229309mp.png",
"protit":" 荣耀MagicBook",
"prodes":"享6期分期免息   ",
"propri":"￥4999",
"circle":"img1/1497575900592 (1).png"
},
{
"src":"img1/428_428_1523156631829mp.jpg",
"protit":" HUAWEI FreeBuds无线耳机",
"prodes":"赠精美礼品     ",
"propri":"￥799",
"circle":"img1/1497575814983 (1).png"
},
{
"src":"img1/428_428_1541563540767mp.jpg",
"protit":" 荣耀Note10",
"prodes":"直降100     ",
"propri":"￥2699",
"circle":" "
},
{
"src":"img1/428_428_1538100198239mp.jpg",
"protit":" 华为畅享 MAX",
"prodes":"   ",
"propri":"￥1699",
"circle":"img1/1497576023361 (1).png"
},
{
"src":"img1/428_428_1539243364035mp.png",
"protit":"荣耀平板5",
"prodes":"10.1英寸全高清屏     ",
"propri":"￥1399",
"circle":"img1/1497575938261 (1).png"
}
,
{
"src":"img1/428_428_1521287027365mp.jpg",
"protit":" 华为畅享8",
"prodes":"赠配件大礼包    ",
"propri":"￥1099",
"circle":" "
},
{
"src":"img1/1541036554232.png",
"protit":" 华为AI音箱",
"prodes":"丹拿音质 声纹识别     ",
"propri":"￥399",
"circle":"img1/1497576023361 (1).png "
},
{
"src":"img1/428_428_1540628828647mp (1).png",
"protit":" 荣耀手环4",
"prodes":"爆款新品放量购      ",
"propri":"￥199",
"circle":" img1/1497575938261 (1).png"
},
{
"src":"img1/1540545226946.png",
"protit":" 华为儿童手表 3 Pro",
"prodes":"赠配件大礼包    ",
"propri":"￥988",
"circle":" img1/1497576023361 (1).png"
},
{
"src":"img1/428_428_1541122609057mp (1).png",
"protit":"荣耀Waterplay 8英寸",
"prodes":"防水防尘平板     ",
"propri":"￥1499",
"circle":"img1/1497575938261 (1).png"
}
,
{
"src":"img1/428_428_1539854934680mp.png",
"protit":" 荣耀路由X2",
"prodes":"双核双千兆      ",
"propri":"￥149",
"circle":" img1/1497576023361 (1).png"
},
{
"src":"img1/428_428_1532052887331mp (1).jpg",
"protit":"华为无线充电器",
"prodes":"支持Mate 20 Pro及iPhone X系列充电  ",
"propri":"￥99",
"circle":"img1/1497575938261 (1).png"
},
{
"src":"img1/428_428_1541122609057mp (1).png",
"protit":"荣耀Waterplay 8英寸",
"prodes":"防水防尘平板     ",
"propri":"￥1499",
"circle":"img1/1497575938261 (1).png"
},
{
"src":"img1/428_428_1541122609057mp (1).png",
"protit":"荣耀Waterplay 8英寸",
"prodes":"防水防尘平板     ",
"propri":"￥1499",
"circle":"img1/1497575938261 (1).png"
},
{
"src":"img1/428_428_1541122609057mp (1).png",
"protit":"荣耀Waterplay 8英寸",
"prodes":"防水防尘平板     ",
"propri":"￥1499",
"circle":"img1/1497575938261 (1).png"
}
,
{
"src":"img1/428_428_1506671611280mp (1).jpg",
"protit":" 华为平板 M5 青春版",
"prodes":"智能声控 大屏娱乐",
"propri":"￥1899",
"circle":"img1/1497576023361 (1).png"
},
{
"src":"img1/1540540217265.png",
"protit":" 荣耀9i",
"prodes":"最高优惠200  ",
"propri":"￥1199",
"circle":"img1/1497575814983 (1).png"
},
{
"src":"img1/428_428_1539762466042mp.png",
"protit":" 华为运动蓝牙耳机",
"prodes":"限时优惠50元   ",
"propri":"￥249",
"circle":"img1/1497575814983 (1).png"
},
{
"src":"img1/428_428_1508892558232mp.jpg",
"protit":" 荣耀手表魔法系列",
"prodes":"爆款现货速发  ",
"propri":"￥899",
"circle":"img1/1497575938261 (1).png"
},
{
"src":"img1/428_428_1540628828647mp (1).png",
"protit":" 华为手环 B5 运动版",
"prodes":"彩屏健康手环    ",
"propri":"￥999",
"circle":"img1/1497575814983 (1).png"
}
,
{
"src":"img1/428_428_1538989229309mp.png",
"protit":" 荣耀MagicBook",
"prodes":"享6期分期免息   ",
"propri":"￥4999",
"circle":"img1/1497575900592 (1).png"
},
{
"src":"img1/428_428_1523156631829mp.jpg",
"protit":" HUAWEI FreeBuds无线耳机",
"prodes":"赠精美礼品     ",
"propri":"￥799",
"circle":"img1/1497575814983 (1).png"
},
{
"src":"img1/428_428_1541563540767mp.jpg",
"protit":" 荣耀Note10",
"prodes":"直降100     ",
"propri":"￥2699",
"circle":" "
},
{
"src":"img1/428_428_1538100198239mp.jpg",
"protit":" 华为畅享 MAX",
"prodes":"   ",
"propri":"￥1699",
"circle":"img1/1497576023361 (1).png"
},
{
"src":"img1/428_428_1539243364035mp.png",
"protit":"荣耀平板5",
"prodes":"10.1英寸全高清屏     ",
"propri":"￥1399",
"circle":"img1/1497575938261 (1).png"
}
,
{
"src":"img1/428_428_1521287027365mp.jpg",
"protit":" 华为畅享8",
"prodes":"赠配件大礼包    ",
"propri":"￥1099",
"circle":" "
},
{
"src":"img1/1541036554232.png",
"protit":" 华为AI音箱",
"prodes":"丹拿音质 声纹识别     ",
"propri":"￥399",
"circle":"img1/1497576023361 (1).png "
},
{
"src":"img1/428_428_1540628828647mp (1).png",
"protit":" 荣耀手环4",
"prodes":"爆款新品放量购      ",
"propri":"￥199",
"circle":" img1/1497575938261 (1).png"
},
{
"src":"img1/1540545226946.png",
"protit":" 华为儿童手表 3 Pro",
"prodes":"赠配件大礼包    ",
"propri":"￥988",
"circle":" img1/1497576023361 (1).png"
},
{
"src":"img1/428_428_1541122609057mp (1).png",
"protit":"荣耀Waterplay 8英寸",
"prodes":"防水防尘平板     ",
"propri":"￥1499",
"circle":"img1/1497575938261 (1).png"
}
,
{
"src":"img1/428_428_1539854934680mp.png",
"protit":" 荣耀路由X2",
"prodes":"双核双千兆      ",
"propri":"￥149",
"circle":" img1/1497576023361 (1).png"
},
{
"src":"img1/428_428_1532052887331mp (1).jpg",
"protit":"华为无线充电器",
"prodes":"支持Mate 20 Pro及iPhone X系列充电  ",
"propri":"￥99",
"circle":"img1/1497575938261 (1).png"
},
{
"src":"img1/428_428_1541122609057mp (1).png",
"protit":"荣耀Waterplay 8英寸",
"prodes":"防水防尘平板     ",
"propri":"￥1499",
"circle":"img1/1497575938261 (1).png"
},
{
"src":"img1/428_428_1541122609057mp (1).png",
"protit":"荣耀Waterplay 8英寸",
"prodes":"防水防尘平板     ",
"propri":"￥1499",
"circle":"img1/1497575938261 (1).png"
},
{
"src":"img1/428_428_1541122609057mp (1).png",
"protit":"荣耀Waterplay 8英寸",
"prodes":"防水防尘平板     ",
"propri":"￥1499",
"circle":"img1/1497575938261 (1).png"
}
]
